{"cameraMode":{"drawMode":0,"name":"Shaded","section":"Shading Mode"},"sceneLighting":true,"audioPlay":false,"sceneViewState":{"m_AlwaysRefresh":false,"showFog":true,"showSkybox":true,"showFlares":true,"showImageEffects":true,"showParticleSystems":true,"showVisualEffectGraphs":true,"m_FxEnabled":true},"in2DMode":false,"pivot":{"x":-9.319783210754395,"y":-0.4749428927898407,"z":-17.3223819732666},"rotation":{"x":0.25732073187828066,"y":0.07239160686731339,"z":-0.019337862730026246,"w":0.9634111523628235},"size":10.407719612121582,"orthographic":false}